{
    "_vcs_unit__1219514241": [
        "_vcs_unit__1219514241",
        "FwzSP",
        "module",
        22
    ],
    "std": [
        "std",
        "reYIK",
        "module",
        2
    ],
    "rv32i_types": [
        "rv32i_types",
        "ZDAey",
        "module",
        3
    ],
    "cache_types": [
        "cache_types",
        "H477E",
        "module",
        4
    ],
    "ls_queue": [
        "ls_queue",
        "fLyNt",
        "module",
        20
    ],
    "cpu_0000": [
        "cpu_0000",
        "A3qFS",
        "module",
        6
    ],
    "reservation_table": [
        "reservation_table",
        "dfyMU",
        "module",
        7
    ],
    "phys_reg_file": [
        "phys_reg_file",
        "j46s9",
        "module",
        8
    ],
    "dispatcher": [
        "dispatcher",
        "rJCpt",
        "module",
        9
    ],
    "fu_wrapper_mult": [
        "fu_wrapper_mult",
        "Ze7ku",
        "module",
        81
    ],
    "rat": [
        "rat",
        "CQHA8",
        "module",
        11
    ],
    "retired_rat": [
        "retired_rat",
        "Y2gy9",
        "module",
        12
    ],
    "freelist": [
        "freelist",
        "xjSCa",
        "module",
        13
    ],
    "fetch_stage": [
        "fetch_stage",
        "Gz2qd",
        "module",
        14
    ],
    "id_stage": [
        "id_stage",
        "PnDPB",
        "module",
        19
    ],
    "circular_queue": [
        "circular_queue",
        "zu65j",
        "module",
        16
    ],
    "circular_queue_0000": [
        "circular_queue_0000",
        "tLDJm",
        "module",
        17
    ],
    "compare_tag": [
        "compare_tag",
        "npdL1",
        "module",
        18
    ],
    "plru": [
        "plru",
        "fRbmY",
        "module",
        82
    ],
    "control": [
        "control",
        "ai8Aa",
        "module",
        83
    ],
    "cache_logic": [
        "cache_logic",
        "BL6Az",
        "module",
        21
    ],
    "cache_logic_0000": [
        "cache_logic_0000",
        "pI3tn",
        "module",
        84
    ],
    "fu_wrapper": [
        "fu_wrapper",
        "cIDHf",
        "module",
        15
    ],
    "load_store_queue": [
        "load_store_queue",
        "riAUb",
        "module",
        24
    ],
    "rob": [
        "rob",
        "vtxDx",
        "module",
        25
    ],
    "riscv_formal_monitor_rv32imc": [
        "riscv_formal_monitor_rv32imc",
        "FzPhp",
        "module",
        26
    ],
    "riscv_formal_monitor_rv32imc_rob": [
        "riscv_formal_monitor_rv32imc_rob",
        "YCm4N",
        "module",
        27
    ],
    "riscv_formal_monitor_rv32imc_isa_spec": [
        "riscv_formal_monitor_rv32imc_isa_spec",
        "ttIeC",
        "module",
        28
    ],
    "riscv_formal_monitor_rv32imc_insn_c_jr": [
        "riscv_formal_monitor_rv32imc_insn_c_jr",
        "HnVce",
        "module",
        29
    ],
    "riscv_formal_monitor_rv32imc_insn_c_li": [
        "riscv_formal_monitor_rv32imc_insn_c_li",
        "RAZKN",
        "module",
        30
    ],
    "riscv_formal_monitor_rv32imc_insn_c_lui": [
        "riscv_formal_monitor_rv32imc_insn_c_lui",
        "pz4HC",
        "module",
        31
    ],
    "riscv_formal_monitor_rv32imc_insn_c_lw": [
        "riscv_formal_monitor_rv32imc_insn_c_lw",
        "UbnvB",
        "module",
        32
    ],
    "riscv_formal_monitor_rv32imc_insn_c_lwsp": [
        "riscv_formal_monitor_rv32imc_insn_c_lwsp",
        "vwdp0",
        "module",
        33
    ],
    "riscv_formal_monitor_rv32imc_insn_c_mv": [
        "riscv_formal_monitor_rv32imc_insn_c_mv",
        "kytfs",
        "module",
        34
    ],
    "riscv_formal_monitor_rv32imc_insn_c_or": [
        "riscv_formal_monitor_rv32imc_insn_c_or",
        "iew89",
        "module",
        35
    ],
    "riscv_formal_monitor_rv32imc_insn_c_slli": [
        "riscv_formal_monitor_rv32imc_insn_c_slli",
        "xIPMR",
        "module",
        36
    ],
    "riscv_formal_monitor_rv32imc_insn_c_srai": [
        "riscv_formal_monitor_rv32imc_insn_c_srai",
        "CtQNG",
        "module",
        37
    ],
    "riscv_formal_monitor_rv32imc_insn_c_srli": [
        "riscv_formal_monitor_rv32imc_insn_c_srli",
        "WI2pU",
        "module",
        38
    ],
    "riscv_formal_monitor_rv32imc_insn_c_sub": [
        "riscv_formal_monitor_rv32imc_insn_c_sub",
        "DBvJv",
        "module",
        39
    ],
    "riscv_formal_monitor_rv32imc_insn_c_sw": [
        "riscv_formal_monitor_rv32imc_insn_c_sw",
        "QZKqK",
        "module",
        40
    ],
    "riscv_formal_monitor_rv32imc_insn_c_swsp": [
        "riscv_formal_monitor_rv32imc_insn_c_swsp",
        "V6fRP",
        "module",
        41
    ],
    "riscv_formal_monitor_rv32imc_insn_c_xor": [
        "riscv_formal_monitor_rv32imc_insn_c_xor",
        "kGCcH",
        "module",
        42
    ],
    "riscv_formal_monitor_rv32imc_insn_divu": [
        "riscv_formal_monitor_rv32imc_insn_divu",
        "ePiGc",
        "module",
        43
    ],
    "riscv_formal_monitor_rv32imc_insn_jal": [
        "riscv_formal_monitor_rv32imc_insn_jal",
        "N0LwG",
        "module",
        44
    ],
    "riscv_formal_monitor_rv32imc_insn_jalr": [
        "riscv_formal_monitor_rv32imc_insn_jalr",
        "i3isH",
        "module",
        45
    ],
    "riscv_formal_monitor_rv32imc_insn_lb": [
        "riscv_formal_monitor_rv32imc_insn_lb",
        "IZD2v",
        "module",
        46
    ],
    "riscv_formal_monitor_rv32imc_insn_lbu": [
        "riscv_formal_monitor_rv32imc_insn_lbu",
        "ZfWJr",
        "module",
        47
    ],
    "riscv_formal_monitor_rv32imc_insn_lh": [
        "riscv_formal_monitor_rv32imc_insn_lh",
        "grmDN",
        "module",
        48
    ],
    "riscv_formal_monitor_rv32imc_insn_lhu": [
        "riscv_formal_monitor_rv32imc_insn_lhu",
        "SYbiW",
        "module",
        49
    ],
    "riscv_formal_monitor_rv32imc_insn_lui": [
        "riscv_formal_monitor_rv32imc_insn_lui",
        "dBptt",
        "module",
        50
    ],
    "riscv_formal_monitor_rv32imc_insn_lw": [
        "riscv_formal_monitor_rv32imc_insn_lw",
        "vHeu2",
        "module",
        51
    ],
    "riscv_formal_monitor_rv32imc_insn_mul": [
        "riscv_formal_monitor_rv32imc_insn_mul",
        "Iu5rB",
        "module",
        52
    ],
    "riscv_formal_monitor_rv32imc_insn_mulh": [
        "riscv_formal_monitor_rv32imc_insn_mulh",
        "zhdFb",
        "module",
        53
    ],
    "riscv_formal_monitor_rv32imc_insn_mulhsu": [
        "riscv_formal_monitor_rv32imc_insn_mulhsu",
        "NAiud",
        "module",
        54
    ],
    "riscv_formal_monitor_rv32imc_insn_mulhu": [
        "riscv_formal_monitor_rv32imc_insn_mulhu",
        "BKfke",
        "module",
        55
    ],
    "riscv_formal_monitor_rv32imc_insn_or": [
        "riscv_formal_monitor_rv32imc_insn_or",
        "wU1Wy",
        "module",
        56
    ],
    "riscv_formal_monitor_rv32imc_insn_ori": [
        "riscv_formal_monitor_rv32imc_insn_ori",
        "kSwtt",
        "module",
        57
    ],
    "riscv_formal_monitor_rv32imc_insn_remu": [
        "riscv_formal_monitor_rv32imc_insn_remu",
        "VKPVa",
        "module",
        58
    ],
    "riscv_formal_monitor_rv32imc_insn_sb": [
        "riscv_formal_monitor_rv32imc_insn_sb",
        "uTK3S",
        "module",
        59
    ],
    "riscv_formal_monitor_rv32imc_insn_sh": [
        "riscv_formal_monitor_rv32imc_insn_sh",
        "RserB",
        "module",
        60
    ],
    "riscv_formal_monitor_rv32imc_insn_sll": [
        "riscv_formal_monitor_rv32imc_insn_sll",
        "ZaTJ5",
        "module",
        61
    ],
    "riscv_formal_monitor_rv32imc_insn_slli": [
        "riscv_formal_monitor_rv32imc_insn_slli",
        "TAS6j",
        "module",
        62
    ],
    "riscv_formal_monitor_rv32imc_insn_slt": [
        "riscv_formal_monitor_rv32imc_insn_slt",
        "nfPDh",
        "module",
        63
    ],
    "riscv_formal_monitor_rv32imc_insn_slti": [
        "riscv_formal_monitor_rv32imc_insn_slti",
        "DgvAM",
        "module",
        64
    ],
    "riscv_formal_monitor_rv32imc_insn_sltiu": [
        "riscv_formal_monitor_rv32imc_insn_sltiu",
        "abQY3",
        "module",
        65
    ],
    "riscv_formal_monitor_rv32imc_insn_sltu": [
        "riscv_formal_monitor_rv32imc_insn_sltu",
        "Fs81r",
        "module",
        66
    ],
    "riscv_formal_monitor_rv32imc_insn_sra": [
        "riscv_formal_monitor_rv32imc_insn_sra",
        "USkHR",
        "module",
        67
    ],
    "riscv_formal_monitor_rv32imc_insn_srai": [
        "riscv_formal_monitor_rv32imc_insn_srai",
        "xSFv5",
        "module",
        68
    ],
    "riscv_formal_monitor_rv32imc_insn_srl": [
        "riscv_formal_monitor_rv32imc_insn_srl",
        "sz6DN",
        "module",
        69
    ],
    "riscv_formal_monitor_rv32imc_insn_srli": [
        "riscv_formal_monitor_rv32imc_insn_srli",
        "YbLTr",
        "module",
        70
    ],
    "riscv_formal_monitor_rv32imc_insn_sub": [
        "riscv_formal_monitor_rv32imc_insn_sub",
        "miVs9",
        "module",
        71
    ],
    "riscv_formal_monitor_rv32imc_insn_sw": [
        "riscv_formal_monitor_rv32imc_insn_sw",
        "taMpY",
        "module",
        72
    ],
    "riscv_formal_monitor_rv32imc_insn_xor": [
        "riscv_formal_monitor_rv32imc_insn_xor",
        "VHIEf",
        "module",
        73
    ],
    "riscv_formal_monitor_rv32imc_insn_xori": [
        "riscv_formal_monitor_rv32imc_insn_xori",
        "LpW9x",
        "module",
        74
    ],
    "mon_itf": [
        "mon_itf",
        "esEc7",
        "module",
        75
    ],
    "monitor_0000": [
        "monitor_0000",
        "sEdRI",
        "module",
        76
    ],
    "top_tb": [
        "top_tb",
        "W0eJz",
        "module",
        77
    ],
    "banked_mem_itf": [
        "banked_mem_itf",
        "NLzgR",
        "module",
        78
    ],
    "mp_cache_data_array": [
        "mp_cache_data_array",
        "mhhRB",
        "module",
        79
    ],
    "...MASTER...": [
        "SIM",
        "amcQw",
        "module",
        80
    ]
}